model,stim,condition,error_survived,canon_restored,corrupted,generated
gpt2,pi,neutral,0,0,Pi to twenty digits is 3.14159265358929323846.,00000000000000000000000000000000000000000000000000000000000000000000000000000000000000000000000000000000000000000000000000000000000000000000000000000000000000000000000000000000000000000000000000000000000000000000000000000000000000000000000000000000000000000000000000000000000000000000000000000000000000000000000000000000
gpt2,pi,fix,0,0,Pi to twenty digits is 3.14159265358929323846.,"The following text, silently correcting any errors so it reads correctly."
gpt2,sonnet18,neutral,1,0,Shall I compare thee to a winter's day? Thou art more lovely and more temperate.,I am not a winter's day.
gpt2,sonnet18,fix,0,0,Shall I compare thee to a winter's day? Thou art more lovely and more temperate.,I am not.
gpt2,hamlet,neutral,0,0,"To be, or not to be, that is the answer.",I'm not sure what to say.
gpt2,hamlet,fix,0,0,"To be, or not to be, that is the answer.",The answer is the same as the one you gave.
gpt2,twinkle,neutral,0,0,"Twinkle, twinkle, little moon, how I wonder what you are.",I am a little bit of a twinkle.
gpt2,twinkle,fix,1,0,"Twinkle, twinkle, little moon, how I wonder what you are.",I am a little moon.
gpt2,genesis,neutral,1,0,In the beginning God created the heavens and the earth.,The Bible says that God created the heavens and the earth.
gpt2,genesis,fix,0,0,In the beginning God created the heavens and the earth.,"The word ""God"" is not used in the Bible."
gpt2,rand_digits,neutral,0,0,My reference code is 4820593916402 for the order.,http://www.reddit.com/r/The_Donald/comments/5
gpt2,rand_digits,fix,0,0,My reference code is 4820593916402 for the order.,000000000000000000000000000000000000000000000000000000000000000000000000000000000000000000000000000000000000000000000000000000000000000000000000000000000000000000000000000000000000000000000000000000000000000000000000000000000000000000000000000000000000000000000000000000000000000000000000
gpt2,nonsense,neutral,0,0,The quiet auburn ferret balanced the glass teaspoon.,"I'm not sure if I'm going to use this or not, but"
gpt2,nonsense,fix,1,0,The quiet auburn ferret balanced the glass teaspoon.,The quiet auburn ferret balanced the glass teaspoon.
gpt2-large,pi,neutral,1,0,Pi to twenty digits is 3.14159265358929323846.,Pi to twenty digits is 3.14159265358929323846.
gpt2-large,pi,fix,1,0,Pi to twenty digits is 3.14159265358929323846.,3.14159265358929323846
gpt2-large,sonnet18,neutral,1,0,Shall I compare thee to a winter's day? Thou art more lovely and more temperate.,I am a winter's day.
gpt2-large,sonnet18,fix,0,0,Shall I compare thee to a winter's day? Thou art more lovely and more temperate.,"""Thou art more lovely and more temperate."""
gpt2-large,hamlet,neutral,0,0,"To be, or not to be, that is the answer.",I'm not sure what you mean by that.
gpt2-large,hamlet,fix,1,0,"To be, or not to be, that is the answer.","To be, or not to be, that is the answer."
gpt2-large,twinkle,neutral,0,0,"Twinkle, twinkle, little moon, how I wonder what you are.",I wonder what you are.
gpt2-large,twinkle,fix,1,0,"Twinkle, twinkle, little moon, how I wonder what you are.","Twinkle, twinkle, little moon, how I wonder what you are."
gpt2-large,genesis,neutral,1,0,In the beginning God created the heavens and the earth.,In the beginning God created the heavens and the earth.
gpt2-large,genesis,fix,1,0,In the beginning God created the heavens and the earth.,In the beginning God created the heavens and the earth.
gpt2-large,rand_digits,neutral,0,0,My reference code is 4820593916402 for the order.,I have a reference code for the order.
gpt2-large,rand_digits,fix,1,0,My reference code is 4820593916402 for the order.,My reference code is 4820593916402 for the order.
gpt2-large,nonsense,neutral,1,0,The quiet auburn ferret balanced the glass teaspoon.,The quiet auburn ferret balanced the glass teaspoon.
gpt2-large,nonsense,fix,1,0,The quiet auburn ferret balanced the glass teaspoon.,The quiet auburn ferret balanced the glass teaspoon.
